{
  "0,1": 0.04546345004738236,
  "0,2": 0.00342912529315494,
  "0,3": 0.0007313607337702896,
  "0,4": 0.021380149036641788,
  "1,2": 0.041543058769829916,
  "1,3": 0.00011024324500838251,
  "1,4": 0.0020885941250267624,
  "2,3": 0.03284549564523829,
  "2,4": 0.008394009287229887,
  "3,4": 0.11376504394911217
}