{
  "(0, 1, 2)": {
    "oinfo": 0.0034289309312677263,
    "sinfo": 0.17058447542693067
  },
  "(0, 1, 3)": {
    "oinfo": -0.0002640190399495479,
    "sinfo": 0.09340216517217048
  },
  "(0, 1, 4)": {
    "oinfo": 0.002078289033281555,
    "sinfo": 0.13162951931825684
  },
  "(0, 2, 3)": {
    "oinfo": -0.0011485559067965223,
    "sinfo": 0.07745763106471637
  },
  "(0, 2, 4)": {
    "oinfo": 0.0017457257363237,
    "sinfo": 0.06116939002508259
  },
  "(0, 3, 4)": {
    "oinfo": -0.01055741291016321,
    "sinfo": 0.3034253461695383
  },
  "(1, 2, 3)": {
    "oinfo": -0.0017354801399818154,
    "sinfo": 0.15420403574009756
  },
  "(1, 2, 4)": {
    "oinfo": 0.001651150614419561,
    "sinfo": 0.09909787252091384
  },
  "(1, 3, 4)": {
    "oinfo": -1.8272877437275348e-05,
    "sinfo": 0.2319825812706059
  },
  "(2, 3, 4)": {
    "oinfo": 0.008237493474899105,
    "sinfo": 0.2852966173384629
  }
}